-1,12
-1,14
1,15
1,15
1,15
1,15
-1,10
-1,14
1,15
1,15
1,15
1,15
1,15
-1,14
1,15
1,15
1,15
1,15
1,15
-1,14
1,15
1,15
1,15
1,15
-1,12
-1,14
1,15
1,15
1,15
1,15
-1,10
-1,14
1,15
1,15
1,15
1,15
1,15
-1,14
1,15
1,15
1,15
1,15
1,15
-1,14
1,15
1,15
1,15
1,15
1,15
1,15
-1,14
-1,14
1,15
1,15
1,15
1,15
-1,14
1,15
1,15
1,15
1,15
1,15
-1,14
-1,14
1,15
1,15
1,15
1,15
1,15
-1,14
1,15
1,15
1,15
1,15
-1,14
1,15
1,15
1,15
1,15
1,15
-1,14
1,15
1,15
1,15
1,15
1,15
-1,12
-1,14
1,15
1,15
1,15
1,15
1,15
-1,14
1,15
-1,13
-1,14
1,15
-1,14
1,15
1,15
1,15
1,15
1,15
-1,14
1,15
1,15
1,15
1,15
-1,14
-1,12
1,15
1,15
1,15
1,15
-1,14
1,15
1,15
1,15
1,15
1,15
1,15
1,15
1,15
1,15
1,15
1,15
1,15
-1,14
1,15
-1,14
1,15
1,15
1,15
1,15
1,15
-1,14
1,15
1,15
1,15
1,15
1,15
-1,14
1,15
1,15
1,15
1,15
1,15
-1,14
1,15
1,15
1,15
1,15
1,15
-1,14
1,15
1,15
1,15
1,15
-1,12
-1,14
1,15
1,15
1,15
1,15
-1,12
-1,14
1,15
